3/1/2019 00:00,69.4,48,2.3
3/1/2019 00:05,69.4,47,2.4
3/1/2019 00:10,69.2,49,2.4
3/1/2019 00:15,69,48,2.3
3/1/2019 00:20,68.8,44,2.2
3/1/2019 00:25,68.6,41,2.1
3/1/2019 00:30,68.6,40,2
3/1/2019 00:35,68.6,39,2
3/1/2019 00:40,68.1,38,1.9
3/1/2019 00:45,68,36,1.8
3/1/2019 00:50,68.2,34,1.7
3/1/2019 00:55,68.1,32,1.6
3/1/2019 01:00,68.5,30,1.6
3/1/2019 01:05,68.4,30,1.6
3/1/2019 01:10,68.3,30,1.6
3/1/2019 01:15,68.4,29,1.5
3/1/2019 01:20,68.5,27,1.4
3/1/2019 01:25,68.1,26,1.4
3/1/2019 01:30,68.1,25,1.3
3/1/2019 01:35,68.3,25,1.3
3/1/2019 01:40,68.1,25,1.3
3/1/2019 01:45,68.2,25,1.3
3/1/2019 01:50,68,24,1.3
3/1/2019 01:55,68.2,23,1.2
3/1/2019 02:00,68.4,23,1.2
3/1/2019 02:05,68.3,23,1.2
3/1/2019 02:10,68.5,24,1.3
3/1/2019 02:15,68.2,22,1.2
3/1/2019 02:20,68.3,22,1.2
3/1/2019 02:25,68.5,21,1.2
3/1/2019 02:30,68.5,20,1.1
3/1/2019 02:35,68.1,21,1.2
3/1/2019 02:40,68.5,21,1.2
3/1/2019 02:45,68.3,20,1.2
3/1/2019 02:50,68.3,19,1.1
3/1/2019 02:55,68.1,18,1
3/1/2019 03:00,67.9,17,1
3/1/2019 03:05,68.2,19,1
3/1/2019 03:10,67.9,19,1.1
3/1/2019 03:15,68,19,1.1
3/1/2019 03:20,68,19,1.1
3/1/2019 03:25,68,19,1.1
3/1/2019 03:30,67.9,21,1.2
3/1/2019 03:35,68.6,21,1.3
3/1/2019 03:40,68.6,23,1.4
3/1/2019 03:45,68.5,24,1.4
3/1/2019 03:50,68.8,23,1.3
3/1/2019 03:55,68.4,24,1.3
3/1/2019 04:00,68.1,25,1.4
3/1/2019 04:05,67.9,28,1.5
3/1/2019 04:10,68.2,34,1.8
3/1/2019 04:15,68.6,38,1.9
3/1/2019 04:20,68.5,40,2.1
3/1/2019 04:25,69.1,41,2.2
3/1/2019 04:30,69.3,44,2.3
3/1/2019 04:35,69.4,50,2.7
3/1/2019 04:40,69.8,52,2.9
3/1/2019 04:45,69.9,60,3.2
3/1/2019 04:50,69.9,65,3.2
3/1/2019 04:55,69.6,70,3.1
3/1/2019 05:00,69.7,74,3.2
3/1/2019 05:05,69.3,80,3.6
3/1/2019 05:10,69.7,88,4
3/1/2019 05:15,69.3,96,4.5
3/1/2019 05:20,69.8,104,4.8
3/1/2019 05:25,69.7,104,5.1
3/1/2019 05:30,69.6,110,5.4
3/1/2019 05:35,69.6,120,5.8
3/1/2019 05:40,69.6,126,6.3
3/1/2019 05:45,69.6,130,6.5
3/1/2019 05:50,69.3,137,6.5
3/1/2019 05:55,69.3,139,6.5
3/1/2019 06:00,67.4,134,6.3
3/1/2019 06:05,66.5,140,6.5
3/1/2019 06:10,65.8,152,7.3
3/1/2019 06:15,65.4,158,7.8
3/1/2019 06:20,65.2,165,8
3/1/2019 06:25,65,167,8.2
3/1/2019 06:30,65,172,8.4
3/1/2019 06:35,64.8,182,8.9
3/1/2019 06:40,64.7,186,9.4
3/1/2019 06:45,64.7,180,9.8
3/1/2019 06:50,64.8,178,9.7
3/1/2019 06:55,64.7,172,9.4
3/1/2019 07:00,64.5,172,9.2
3/1/2019 07:05,64.4,176,9.5
3/1/2019 07:10,64.3,180,10
3/1/2019 07:15,64.1,185,10.3
3/1/2019 07:20,64.1,184,10.5
3/1/2019 07:25,64,185,10.5
3/1/2019 07:30,63.7,183,10.6
3/1/2019 07:35,63.5,187,10.8
3/1/2019 07:40,63.4,191,10.8
3/1/2019 07:45,63.4,192,10.8
3/1/2019 07:50,63.2,188,10.6
3/1/2019 07:55,63.1,182,10.3
3/1/2019 08:00,63.1,178,10.1
3/1/2019 08:05,63,179,10.1
3/1/2019 08:10,63.1,179,10.2
3/1/2019 08:15,63,181,10.4
3/1/2019 08:20,62.8,180,10.4
3/1/2019 08:25,62.9,179,10.3
3/1/2019 08:30,62.7,176,10.3
3/1/2019 08:35,62.3,177,10.4
3/1/2019 08:40,62.6,177,10.4
3/1/2019 08:45,62.4,174,10.4
3/1/2019 08:50,62.4,174,10.2
3/1/2019 08:55,62.3,169,9.9
3/1/2019 09:00,62.8,166,9.7
3/1/2019 09:05,62.8,173,9.6
3/1/2019 09:10,62.3,175,9.6
3/1/2019 09:15,62.1,178,9.7
3/1/2019 09:20,62.2,179,9.8
3/1/2019 09:25,62,179,9.8
3/1/2019 09:30,61.8,179,9.8
3/1/2019 09:35,61.9,180,9.9
3/1/2019 09:40,61.7,181,9.9
3/1/2019 09:45,61.8,181,10
3/1/2019 09:50,61.8,178,9.8
3/1/2019 09:55,61.8,175,9.6
3/1/2019 10:00,62,172,9.4
3/1/2019 10:05,61.8,173,9.5
3/1/2019 10:10,61.6,174,9.6
3/1/2019 10:15,61.4,175,9.7
3/1/2019 10:20,61.3,176,9.7
3/1/2019 10:25,61.2,177,9.8
3/1/2019 10:30,61.2,176,9.8
3/1/2019 10:35,61.3,178,9.9
3/1/2019 10:40,61.4,178,10
3/1/2019 10:45,60.8,179,10.2
3/1/2019 10:50,60.7,178,10.2
3/1/2019 10:55,60.7,176,10
3/1/2019 11:00,61.1,174,10
3/1/2019 11:05,61.1,175,10.1
3/1/2019 11:10,61.1,178,10.4
3/1/2019 11:15,61.4,179,10.6
3/1/2019 11:20,60.9,180,11.2
3/1/2019 11:25,61,179,10.7
3/1/2019 11:30,60.8,180,10.6
3/1/2019 11:35,60.2,179,10.6
3/1/2019 11:40,60.1,180,10.6
3/1/2019 11:45,59.6,181,11.1
3/1/2019 11:50,59.5,180,11
3/1/2019 11:55,59.4,178,10.9
3/1/2019 12:00,59.6,179,11.2
3/1/2019 12:05,59.6,180,11.4
3/1/2019 12:10,59.3,182,11.7
3/1/2019 12:15,59.1,185,12.3
3/1/2019 12:20,59.4,185,12.5
3/1/2019 12:25,59,183,12.5
3/1/2019 12:30,59.2,183,12.5
3/1/2019 12:35,59.5,183,12.1
3/1/2019 12:40,59.2,184,11.9
3/1/2019 12:45,59.3,184,12.1
3/1/2019 12:50,59.1,182,11.7
3/1/2019 12:55,59.3,181,11.7
3/1/2019 13:00,59.6,182,11.3
3/1/2019 13:05,59.7,183,11.5
3/1/2019 13:10,59.8,184,11.5
3/1/2019 13:15,59.7,185,11.7
3/1/2019 13:20,59.8,186,11.4
3/1/2019 13:25,60,185,11.6
3/1/2019 13:30,60,186,11.5
3/1/2019 13:35,59.5,185,11.7
3/1/2019 13:40,59.1,187,11.7
3/1/2019 13:45,59,185,11.8
3/1/2019 13:50,58.8,184,11.6
3/1/2019 13:55,58.9,185,12.1
3/1/2019 14:00,59.1,185,12.2
3/1/2019 14:05,59.2,186,12.5
3/1/2019 14:10,59.6,190,12.6
3/1/2019 14:15,59.5,191,13
3/1/2019 14:20,59.2,190,13
3/1/2019 14:25,58.7,187,13.4
3/1/2019 14:30,57.4,188,13.6
3/1/2019 14:35,55.1,189,13.4
3/1/2019 14:40,55.2,190,13.3
3/1/2019 14:45,56.9,184,13.6
3/1/2019 14:50,57.7,189,12.5
3/1/2019 14:55,56.2,187,12
3/1/2019 15:00,59.6,184,11.3
3/1/2019 15:05,59.7,180,11.1
3/1/2019 15:10,59.6,172,11.4
3/1/2019 15:15,59.1,167,11.5
3/1/2019 15:20,59.1,179,11.5
3/1/2019 15:25,59,172,11.5
3/1/2019 15:30,58.9,169,11.3
3/1/2019 15:35,59,165,11.5
3/1/2019 15:40,58.7,164,11.7
3/1/2019 15:45,58.5,163,11.7
3/1/2019 15:50,58.4,161,11.7
3/1/2019 15:55,58.6,161,11.5
3/1/2019 16:00,58.4,162,11.3
3/1/2019 16:05,58.2,161,11.4
3/1/2019 16:10,58.3,163,11.6
3/1/2019 16:15,57.7,163,11.7
3/1/2019 16:20,57.2,161,11.7
3/1/2019 16:25,57,163,11.8
3/1/2019 16:30,57.3,162,11.9
3/1/2019 16:35,57.5,160,11.8
3/1/2019 16:40,57.3,164,12.1
3/1/2019 16:45,56.9,163,12.6
3/1/2019 16:50,56.9,163,12.5
3/1/2019 16:55,56.8,162,12.4
3/1/2019 17:00,57.1,163,12.1
3/1/2019 17:05,57.4,163,12.3
3/1/2019 17:10,57.3,165,12.8
3/1/2019 17:15,56.6,166,13.7
3/1/2019 17:20,56.3,164,13.9
3/1/2019 17:25,55.5,164,14.6
3/1/2019 17:30,54,164,14.5
3/1/2019 17:35,54.4,168,14.3
3/1/2019 17:40,55.7,167,13
3/1/2019 17:45,56.9,166,12.8
3/1/2019 17:50,58.3,167,11.7
3/1/2019 17:55,58.6,165,11.7
3/1/2019 18:00,59.2,166,10.6
3/1/2019 18:05,60.4,166,10.3
3/1/2019 18:10,61.3,168,9.9
3/1/2019 18:15,61.6,169,10
3/1/2019 18:20,62.1,170,9.7
3/1/2019 18:25,62.9,168,9.7
3/1/2019 18:30,63,174,9.6
3/1/2019 18:35,63.4,175,9.4
3/1/2019 18:40,63.5,174,9.3
3/1/2019 18:45,63.6,176,9.7
3/1/2019 18:50,63.8,173,9.2
3/1/2019 18:55,63.9,171,9.1
3/1/2019 19:00,64.1,170,9.1
3/1/2019 19:05,64.2,169,9.2
3/1/2019 19:10,64.3,171,8.8
3/1/2019 19:15,64.4,170,8.9
3/1/2019 19:20,64.5,168,8.6
3/1/2019 19:25,64.6,165,8.6
3/1/2019 19:30,64.6,164,8.3
3/1/2019 19:35,64.7,163,8.2
3/1/2019 19:40,64.7,160,8
3/1/2019 19:45,65,158,7.7
3/1/2019 19:50,65.1,160,8.1
3/1/2019 19:55,65,154,7.9
3/1/2019 20:00,65.5,152,7.8
3/1/2019 20:05,65.9,157,8.1
3/1/2019 20:10,65.8,156,8.2
3/1/2019 20:15,66.3,152,8.1
3/1/2019 20:20,65.9,150,7.9
3/1/2019 20:25,66.2,151,8.2
3/1/2019 20:30,66,151,7.7
3/1/2019 20:35,66.3,146,7.7
3/1/2019 20:40,66.1,145,7.8
3/1/2019 20:45,66.3,144,7.8
3/1/2019 20:50,66.7,139,7.6
3/1/2019 20:55,66.7,143,7.4
3/1/2019 21:00,67.8,140,7.4
3/1/2019 21:05,68,139,7.4
3/1/2019 21:10,68.2,139,7.4
3/1/2019 21:15,68.3,139,7.3
3/1/2019 21:20,68.3,139,7.6
3/1/2019 21:25,68.3,139,7.3
3/1/2019 21:30,68.5,136,7.1
3/1/2019 21:35,68.5,134,7
3/1/2019 21:40,68.6,133,7
3/1/2019 21:45,69,132,6.6
3/1/2019 21:50,69,131,6.5
3/1/2019 21:55,69.2,128,6.3
3/1/2019 22:00,68.8,128,6.3
3/1/2019 22:05,68.7,127,6.3
3/1/2019 22:10,68.3,126,6.5
3/1/2019 22:15,68.2,125,6.5
3/1/2019 22:20,68,125,6.4
3/1/2019 22:25,68.3,122,6
3/1/2019 22:30,68.8,116,6
3/1/2019 22:35,68.7,115,5.8
3/1/2019 22:40,68.9,116,5.8
3/1/2019 22:45,69.1,112,5.8
3/1/2019 22:50,69.3,108,5.7
3/1/2019 22:55,69,103,5
3/1/2019 23:00,69,101,5
3/1/2019 23:05,68.6,100,5.2
3/1/2019 23:10,68.4,97,5.1
3/1/2019 23:15,68.6,93,4.8
3/1/2019 23:20,68.8,91,4.5
3/1/2019 23:25,68.9,88,4.4
3/1/2019 23:30,68.7,86,4.4
3/1/2019 23:35,69,83,4.3
3/1/2019 23:40,69.1,81,4.2
3/1/2019 23:45,69,79,4.2
3/1/2019 23:50,68.9,76,3.8
3/1/2019 23:55,68.8,73,3.6
3/2/2019 00:00,69.3,68,3.3
3/2/2019 00:05,69.1,66,3.1
3/2/2019 00:10,68.9,66,3.3
3/2/2019 00:15,68.8,64,3.2
3/2/2019 00:20,68.9,60,3
3/2/2019 00:25,68.9,58,3
3/2/2019 00:30,68.9,55,2.8
3/2/2019 00:35,68.7,53,2.7
3/2/2019 00:40,68.3,53,2.8
3/2/2019 00:45,68.8,50,2.5
3/2/2019 00:50,68.5,48,2.3
3/2/2019 00:55,68.3,45,2.1
3/2/2019 01:00,68.7,43,2.1
3/2/2019 01:05,68.8,42,2
3/2/2019 01:10,68.8,41,2
3/2/2019 01:15,68.8,40,1.9
3/2/2019 01:20,68.8,38,1.8
3/2/2019 01:25,68.8,36,1.8
3/2/2019 01:30,68.7,35,1.8
3/2/2019 01:35,68.5,35,1.7
3/2/2019 01:40,68.2,35,1.7
3/2/2019 01:45,68.6,34,1.6
3/2/2019 01:50,68.5,33,1.6
3/2/2019 01:55,68.5,33,1.6
3/2/2019 02:00,68.4,32,1.6
3/2/2019 02:05,68.5,33,1.6
3/2/2019 02:10,68.5,32,1.6
3/2/2019 02:15,68.6,31,1.6
3/2/2019 02:20,68.5,31,1.5
3/2/2019 02:25,68.7,30,1.5
3/2/2019 02:30,68.7,29,1.4
3/2/2019 02:35,68.8,27,1.4
3/2/2019 02:40,68.6,27,1.4
3/2/2019 02:45,68.6,27,1.3
3/2/2019 02:50,68.4,24,1.3
3/2/2019 02:55,68.2,24,1.2
3/2/2019 03:00,68.4,23,1.2
3/2/2019 03:05,68.6,23,1.2
3/2/2019 03:10,68.7,22,1.2
3/2/2019 03:15,68.7,23,1.2
3/2/2019 03:20,68.7,22,1.2
3/2/2019 03:25,68.6,21,1.2
3/2/2019 03:30,68.2,21,1.2
3/2/2019 03:35,68.5,22,1.1
3/2/2019 03:40,68.7,22,1.2
3/2/2019 03:45,68.6,21,1.2
3/2/2019 03:50,68.4,20,1.1
3/2/2019 03:55,68.1,19,1
3/2/2019 04:00,68.1,19,1
3/2/2019 04:05,68.3,20,1.1
3/2/2019 04:10,68.2,22,1.2
3/2/2019 04:15,68.5,21,1.2
3/2/2019 04:20,68.7,23,1.2
3/2/2019 04:25,68.6,24,1.3
3/2/2019 04:30,68.7,24,1.3
3/2/2019 04:35,68.9,26,1.5
3/2/2019 04:40,69,29,1.6
3/2/2019 04:45,69.1,30,1.7
3/2/2019 04:50,69,32,1.6
3/2/2019 04:55,68.8,33,1.6
3/2/2019 05:00,68.4,34,1.6
3/2/2019 05:05,68.2,39,1.7
3/2/2019 05:10,68.1,43,1.9
3/2/2019 05:15,68.1,44,2.1
3/2/2019 05:20,68.1,48,2.2
3/2/2019 05:25,68,53,2.4
3/2/2019 05:30,68,55,2.5
3/2/2019 05:35,68.3,59,2.7
3/2/2019 05:40,69.1,64,3
3/2/2019 05:45,69.3,67,3.1
3/2/2019 05:50,69,68,3.1
3/2/2019 05:55,69.2,66,3
3/2/2019 06:00,68.5,66,2.9
3/2/2019 06:05,67.9,69,3.1
3/2/2019 06:10,67.7,75,3.5
3/2/2019 06:15,67.7,81,3.7
3/2/2019 06:20,67.7,85,3.8
3/2/2019 06:25,67.7,89,4
3/2/2019 06:30,67.6,91,4.2
3/2/2019 06:35,67.6,99,4.4
3/2/2019 06:40,67.7,105,4.8
3/2/2019 06:45,67.7,108,4.8
3/2/2019 06:50,67.8,106,4.9
3/2/2019 06:55,67.7,103,4.7
3/2/2019 07:00,67.3,102,4.6
3/2/2019 07:05,67.3,104,4.8
3/2/2019 07:10,67.1,109,5.1
3/2/2019 07:15,67.1,115,5.4
3/2/2019 07:20,66.9,120,5.6
3/2/2019 07:25,66.9,124,5.7
3/2/2019 07:30,66.8,128,5.8
3/2/2019 07:35,66.7,135,6.2
3/2/2019 07:40,66.5,141,6.6
3/2/2019 07:45,66.6,145,6.7
3/2/2019 07:50,66.6,143,6.5
3/2/2019 07:55,66.6,138,6.4
3/2/2019 08:00,66.6,134,6.1
3/2/2019 08:05,66.5,135,6.3
3/2/2019 08:10,66.4,140,6.6
3/2/2019 08:15,66.4,145,6.9
3/2/2019 08:20,66.3,150,7.1
3/2/2019 08:25,66.1,154,7.2
3/2/2019 08:30,65.8,157,7.4
3/2/2019 08:35,65.7,162,7.7
3/2/2019 08:40,65.5,167,8
3/2/2019 08:45,65.3,170,8.1
3/2/2019 08:50,65.3,170,8.1
3/2/2019 08:55,65.4,164,7.8
3/2/2019 09:00,65.8,160,7.6
3/2/2019 09:05,65.7,160,7.6
3/2/2019 09:10,65.6,164,7.9
3/2/2019 09:15,65.4,168,8.1
3/2/2019 09:20,65.3,171,8.2
3/2/2019 09:25,65.1,173,8.4
3/2/2019 09:30,65,174,8.3
3/2/2019 09:35,65,176,8.7
3/2/2019 09:40,64.7,180,9
3/2/2019 09:45,64.6,181,9.1
3/2/2019 09:50,64.7,180,9.1
3/2/2019 09:55,64.8,175,8.8
3/2/2019 10:00,64.9,171,8.5
3/2/2019 10:05,64.9,171,8.7
3/2/2019 10:10,64.8,174,9
3/2/2019 10:15,64.6,176,9.2
3/2/2019 10:20,64.5,177,9.3
3/2/2019 10:25,64.4,178,9.3
3/2/2019 10:30,64.2,178,9.3
3/2/2019 10:35,64,179,9.4
3/2/2019 10:40,63.8,182,9.6
3/2/2019 10:45,63.5,183,9.9
3/2/2019 10:50,63.7,181,9.7
3/2/2019 10:55,63.8,180,9.5
3/2/2019 11:00,64,179,9.4
3/2/2019 11:05,63.9,179,9.7
3/2/2019 11:10,63.6,181,10
3/2/2019 11:15,63.4,183,10.1
3/2/2019 11:20,63.3,184,10.1
3/2/2019 11:25,63.3,183,10.2
3/2/2019 11:30,63,183,10.2
3/2/2019 11:35,62.8,185,9.9
3/2/2019 11:40,62.6,186,10.4
3/2/2019 11:45,62.4,186,10.4
3/2/2019 11:50,62.4,185,10.4
3/2/2019 11:55,62.4,182,10.3
3/2/2019 12:00,62.4,182,10.1
3/2/2019 12:05,62.1,182,10.2
3/2/2019 12:10,62.1,186,10.5
3/2/2019 12:15,61.4,186,10.6
3/2/2019 12:20,61.6,186,10.7
3/2/2019 12:25,60.8,185,10.7
3/2/2019 12:30,61,185,10.7
3/2/2019 12:35,60.5,185,10.7
3/2/2019 12:40,59.9,187,10.8
3/2/2019 12:45,60,187,10.9
3/2/2019 12:50,59.7,185,11
3/2/2019 12:55,59.4,184,10.9
3/2/2019 13:00,59.8,183,10.6
3/2/2019 13:05,59.9,183,10.7
3/2/2019 13:10,59.9,185,10.6
3/2/2019 13:15,60,186,11
3/2/2019 13:20,60.2,186,11.2
3/2/2019 13:25,60.3,186,11.2
3/2/2019 13:30,60.3,186,11.2
3/2/2019 13:35,60.5,186,11
3/2/2019 13:40,60.1,188,11.3
3/2/2019 13:45,60.2,188,11.4
3/2/2019 13:50,60.1,186,11.5
3/2/2019 13:55,59.9,184,11.2
3/2/2019 14:00,60.8,183,10.9
3/2/2019 14:05,60.9,185,11.1
3/2/2019 14:10,61.1,186,11.2
3/2/2019 14:15,60.8,186,11.3
3/2/2019 14:20,61.2,187,11.5
3/2/2019 14:25,60.8,185,10.8
3/2/2019 14:30,60.8,186,11.3
3/2/2019 14:35,61.1,186,11
3/2/2019 14:40,61,187,11.2
3/2/2019 14:45,61,186,11.1
3/2/2019 14:50,60.7,184,11.1
3/2/2019 14:55,61.1,183,10.3
3/2/2019 15:00,61.5,183,10.4
3/2/2019 15:05,61.8,183,10.6
3/2/2019 15:10,62,184,10.8
3/2/2019 15:15,61.7,185,11.1
3/2/2019 15:20,61.9,185,11.1
3/2/2019 15:25,61.5,184,11.2
3/2/2019 15:30,62,183,11.2
3/2/2019 15:35,61.9,184,10.5
3/2/2019 15:40,61.7,185,10.6
3/2/2019 15:45,61.7,184,11.1
3/2/2019 15:50,61.6,183,10.7
3/2/2019 15:55,61.8,181,10.1
3/2/2019 16:00,61.9,180,10.2
3/2/2019 16:05,62.5,181,10.1
3/2/2019 16:10,62.2,180,9.6
3/2/2019 16:15,62.3,181,9.7
3/2/2019 16:20,62.6,183,10.1
3/2/2019 16:25,62.2,183,10.3
3/2/2019 16:30,62.5,182,10.7
3/2/2019 16:35,62.4,182,10.6
3/2/2019 16:40,62.1,183,10.8
3/2/2019 16:45,62,181,11
3/2/2019 16:50,62.5,181,10.7
3/2/2019 16:55,62.8,179,10
3/2/2019 17:00,62.9,178,10.3
3/2/2019 17:05,63.1,179,10.4
3/2/2019 17:10,63.1,180,10.2
3/2/2019 17:15,63.3,181,9.9
3/2/2019 17:20,63.2,180,9.7
3/2/2019 17:25,63.2,178,9.4
3/2/2019 17:30,63.5,178,9.3
3/2/2019 17:35,63.4,175,9.1
3/2/2019 17:40,63.6,176,9.3
3/2/2019 17:45,63.6,176,9.4
3/2/2019 17:50,63.6,175,9.4
3/2/2019 17:55,63.7,173,9.2
3/2/2019 18:00,64.2,171,9.4
3/2/2019 18:05,64.2,172,8.9
3/2/2019 18:10,64,170,8.9
3/2/2019 18:15,64.1,170,8.8
3/2/2019 18:20,64.4,169,8.9
3/2/2019 18:25,64.4,169,9
3/2/2019 18:30,64.6,164,8.5
3/2/2019 18:35,64.9,163,8.6
3/2/2019 18:40,64.8,163,8.8
3/2/2019 18:45,64.8,163,8.5
3/2/2019 18:50,65.3,160,8.3
3/2/2019 18:55,65.5,158,8.2
3/2/2019 19:00,65.8,156,8
3/2/2019 19:05,66,153,7.7
3/2/2019 19:10,65.9,152,8
3/2/2019 19:15,65.8,153,7.8
3/2/2019 19:20,65.5,152,7.9
3/2/2019 19:25,65.7,151,7.9
3/2/2019 19:30,65.7,149,7.7
3/2/2019 19:35,65.9,148,7.6
3/2/2019 19:40,65.7,148,7.6
3/2/2019 19:45,65.7,148,7.4
3/2/2019 19:50,65.7,144,7.1
3/2/2019 19:55,65.8,143,7.2
3/2/2019 20:00,66,141,7.2
3/2/2019 20:05,66.1,141,7.2
3/2/2019 20:10,65.9,141,6.8
3/2/2019 20:15,65.7,141,6.9
3/2/2019 20:20,66,140,6.9
3/2/2019 20:25,65.7,139,7
3/2/2019 20:30,65.9,138,6.7
3/2/2019 20:35,65.7,138,6.6
3/2/2019 20:40,66,138,6.9
3/2/2019 20:45,65.8,137,6.9
3/2/2019 20:50,66,136,6.8
3/2/2019 20:55,65.8,135,6.8
3/2/2019 21:00,67.5,134,6.5
3/2/2019 21:05,68,135,6.6
3/2/2019 21:10,68.2,137,6.9
3/2/2019 21:15,68.4,136,6.9
3/2/2019 21:20,68,136,6.8
3/2/2019 21:25,67.9,136,6.8
3/2/2019 21:30,68,134,6.7
3/2/2019 21:35,68.1,134,6.6
3/2/2019 21:40,68.5,134,6.7
3/2/2019 21:45,68.6,133,6.6
3/2/2019 21:50,68.4,133,6.4
3/2/2019 21:55,68.8,132,6.3
3/2/2019 22:00,68.9,131,6.4
3/2/2019 22:05,68.8,131,6.4
3/2/2019 22:10,68.6,133,6.4
3/2/2019 22:15,68.4,133,6.7
3/2/2019 22:20,68.2,133,6.6
3/2/2019 22:25,68.3,130,6.4
3/2/2019 22:30,68.3,129,6.1
3/2/2019 22:35,68.8,126,6.3
3/2/2019 22:40,68.5,125,6.2
3/2/2019 22:45,68.5,123,5.9
3/2/2019 22:50,68.6,120,5.5
3/2/2019 22:55,69,115,5.4
3/2/2019 23:00,68.6,113,5.3
3/2/2019 23:05,68.4,109,5
3/2/2019 23:10,68.6,108,5.1
3/2/2019 23:15,68.6,105,4.8
3/2/2019 23:20,68.5,103,4.7
3/2/2019 23:25,68.5,97,4.5
3/2/2019 23:30,69,95,4.5
3/2/2019 23:35,68.9,91,4.4
3/2/2019 23:40,68.7,91,4.1
3/2/2019 23:45,69.1,89,4
3/2/2019 23:50,69.4,84,3.8
3/2/2019 23:55,69.3,79,3.6
3/3/2019 00:00,69.1,74,3.5
3/3/2019 00:05,68.9,76,3.4
3/3/2019 00:10,68.7,73,3.3
3/3/2019 00:15,69.1,71,3.2
3/3/2019 00:20,69.1,69,3.2
3/3/2019 00:25,69.1,66,3
3/3/2019 00:30,69,63,2.8
3/3/2019 00:35,69.1,61,2.7
3/3/2019 00:40,68.9,59,2.6
3/3/2019 00:45,68.8,56,2.5
3/3/2019 00:50,68.9,54,2.4
3/3/2019 00:55,69.1,51,2.3
3/3/2019 01:00,69,49,2.2
3/3/2019 01:05,68.9,48,2.1
3/3/2019 01:10,68.9,46,2
3/3/2019 01:15,68.7,42,2
3/3/2019 01:20,68.7,39,1.9
3/3/2019 01:25,68.6,40,1.8
3/3/2019 01:30,68.6,38,1.8
3/3/2019 01:35,68.6,38,1.7
3/3/2019 01:40,68.7,36,1.7
3/3/2019 01:45,68.5,36,1.6
3/3/2019 01:50,68.6,33,1.6
3/3/2019 01:55,68.7,33,1.6
3/3/2019 02:00,68.7,32,1.5
3/3/2019 02:05,68.8,33,1.5
3/3/2019 02:10,68.9,32,1.5
3/3/2019 02:15,68.8,32,1.5
3/3/2019 02:20,68.7,31,1.5
3/3/2019 02:25,68.7,29,1.4
3/3/2019 02:30,68.8,28,1.3
3/3/2019 02:35,69,27,1.3
3/3/2019 02:40,68.9,26,1.3
3/3/2019 02:45,68.8,25,1.2
3/3/2019 02:50,68.8,23,1.1
3/3/2019 02:55,68.9,21,1
3/3/2019 03:00,68.8,21,1
3/3/2019 03:05,69,20,1
3/3/2019 03:10,68.9,19,1
3/3/2019 03:15,68.7,19,1
3/3/2019 03:20,68.9,18,0.9
3/3/2019 03:25,68.9,18,0.9
3/3/2019 03:30,68.6,18,0.9
3/3/2019 03:35,68.5,17,0.9
3/3/2019 03:40,68.4,18,0.9
3/3/2019 03:45,68.6,17,0.9
3/3/2019 03:50,68.5,16,0.8
3/3/2019 03:55,68.5,15,0.7
3/3/2019 04:00,68.8,15,0.7
3/3/2019 04:05,68.8,14,0.8
3/3/2019 04:10,68.8,15,0.8
3/3/2019 04:15,68.9,16,0.8
3/3/2019 04:20,68.9,16,0.8
3/3/2019 04:25,68.8,17,0.8
3/3/2019 04:30,69,17,0.8
3/3/2019 04:35,69.2,18,0.8
3/3/2019 04:40,69,19,0.9
3/3/2019 04:45,69,20,0.9
3/3/2019 04:50,68.8,21,1
3/3/2019 04:55,69.1,20,0.9
3/3/2019 05:00,69.1,21,0.9
3/3/2019 05:05,68.8,21,1
3/3/2019 05:10,68.9,23,1.1
3/3/2019 05:15,68.9,26,1.1
3/3/2019 05:20,68.7,27,1.2
3/3/2019 05:25,68.7,30,1.3
3/3/2019 05:30,68.7,31,1.4
3/3/2019 05:35,68.9,34,1.4
3/3/2019 05:40,69.2,37,1.6
3/3/2019 05:45,68.8,39,1.7
3/3/2019 05:50,69,39,1.7
3/3/2019 05:55,68.9,38,1.7
3/3/2019 06:00,68.8,38,1.7
3/3/2019 06:05,68.6,40,1.8
3/3/2019 06:10,68.7,44,1.9
3/3/2019 06:15,68.8,48,2.1
3/3/2019 06:20,68.6,50,2.2
3/3/2019 06:25,68.6,53,2.3
3/3/2019 06:30,68.7,56,2.4
3/3/2019 06:35,69,60,2.6
3/3/2019 06:40,69.3,63,2.7
3/3/2019 06:45,69.4,65,2.9
3/3/2019 06:50,69.3,65,2.8
3/3/2019 06:55,69.5,62,2.7
3/3/2019 07:00,69.4,60,2.7
3/3/2019 07:05,68.7,62,2.8
3/3/2019 07:10,68.6,67,3
3/3/2019 07:15,68.6,68,3.1
3/3/2019 07:20,68.7,72,3.3
3/3/2019 07:25,68.6,75,3.4
3/3/2019 07:30,68.7,81,3.6
3/3/2019 07:35,68.6,85,3.7
3/3/2019 07:40,69,88,4
3/3/2019 07:45,69,91,4.1
3/3/2019 07:50,69.1,89,4
3/3/2019 07:55,68.8,88,4
3/3/2019 08:00,68.7,88,3.8
3/3/2019 08:05,68.6,86,3.9
3/3/2019 08:10,68.5,89,4.1
3/3/2019 08:15,68.3,98,4.3
3/3/2019 08:20,68.3,100,4.4
3/3/2019 08:25,68.2,105,4.5
3/3/2019 08:30,68.1,108,4.7
3/3/2019 08:35,67.9,114,4.9
3/3/2019 08:40,67.8,119,5.1
3/3/2019 08:45,67.7,124,5.4
3/3/2019 08:50,67.8,124,5.4
3/3/2019 08:55,67.8,122,5.2
3/3/2019 09:00,67.7,121,5.2
3/3/2019 09:05,67.4,122,5.3
3/3/2019 09:10,67.1,127,5.7
3/3/2019 09:15,66.9,133,5.8
3/3/2019 09:20,66.9,135,6
3/3/2019 09:25,66.8,140,6.2
3/3/2019 09:30,66.7,144,6.3
3/3/2019 09:35,66.3,148,6.5
3/3/2019 09:40,66.2,152,6.7
3/3/2019 09:45,66.2,155,7
3/3/2019 09:50,66.3,155,6.9
3/3/2019 09:55,66.2,152,6.8
3/3/2019 10:00,66.4,149,6.6
3/3/2019 10:05,66.1,149,6.7
3/3/2019 10:10,66,152,6.9
3/3/2019 10:15,65.6,156,7.1
3/3/2019 10:20,65.5,160,7.4
3/3/2019 10:25,65.5,161,7.3
3/3/2019 10:30,65.3,161,7.5
3/3/2019 10:35,65,165,7.7
3/3/2019 10:40,64.9,169,7.9
3/3/2019 10:45,64.8,171,8
3/3/2019 10:50,64.8,171,7.9
3/3/2019 10:55,64.6,168,7.7
3/3/2019 11:00,64.7,167,7.6
3/3/2019 11:05,64.7,167,7.8
3/3/2019 11:10,64.5,168,8
3/3/2019 11:15,64.4,170,8
3/3/2019 11:20,64.2,171,8.1
3/3/2019 11:25,64.2,171,8.2
3/3/2019 11:30,64.2,171,8.2
3/3/2019 11:35,64.2,173,8.5
3/3/2019 11:40,64.1,175,8.4
3/3/2019 11:45,64,175,8.6
3/3/2019 11:50,63.9,174,8.6
3/3/2019 11:55,63.9,173,8.5
3/3/2019 12:00,64.1,171,8.2
3/3/2019 12:05,63.8,170,8.5
3/3/2019 12:10,63.9,171,8.5
3/3/2019 12:15,63.9,173,8.6
3/3/2019 12:20,63.5,174,8.8
3/3/2019 12:25,63.3,174,8.7
3/3/2019 12:30,63.4,174,8.8
3/3/2019 12:35,63.2,175,8.8
3/3/2019 12:40,63.2,177,8.9
3/3/2019 12:45,63,176,8.9
3/3/2019 12:50,63,176,9
3/3/2019 12:55,63.2,175,8.9
3/3/2019 13:00,63.2,174,8.9
3/3/2019 13:05,63.3,174,8.8
3/3/2019 13:10,63.2,175,8.9
3/3/2019 13:15,63,176,8.9
3/3/2019 13:20,62.9,176,9.1
3/3/2019 13:25,62.9,176,9.1
3/3/2019 13:30,62.8,176,9
3/3/2019 13:35,62.9,176,8.9
3/3/2019 13:40,62.7,177,9
3/3/2019 13:45,62.7,177,9.2
3/3/2019 13:50,62.7,175,9.2
3/3/2019 13:55,62.6,174,8.9
3/3/2019 14:00,63,172,8.8
3/3/2019 14:05,63.3,171,8.9
3/3/2019 14:10,63.3,172,9.1
3/3/2019 14:15,62.9,174,9.1
3/3/2019 14:20,63.1,175,8.9
3/3/2019 14:25,62.8,174,9.1
3/3/2019 14:30,62.9,174,9.1
3/3/2019 14:35,62.8,175,9.2
3/3/2019 14:40,62.9,175,9.1
3/3/2019 14:45,62.9,175,9.2
3/3/2019 14:50,63.1,174,9.2
3/3/2019 14:55,63.2,171,8.9
3/3/2019 15:00,63.5,171,8.6
3/3/2019 15:05,63.6,171,8.8
3/3/2019 15:10,63.6,172,8.9
3/3/2019 15:15,63.4,174,8.9
3/3/2019 15:20,63.6,174,9.1
3/3/2019 15:25,63.6,174,9
3/3/2019 15:30,63.2,174,9
3/3/2019 15:35,63.1,174,8.9
3/3/2019 15:40,63.2,175,9.2
3/3/2019 15:45,63.1,174,9.2
3/3/2019 15:50,63.4,174,9
3/3/2019 15:55,63.3,171,8.9
3/3/2019 16:00,63.7,171,8.8
3/3/2019 16:05,63.7,170,8.8
3/3/2019 16:10,63.5,171,9
3/3/2019 16:15,63.4,172,9.1
3/3/2019 16:20,63.5,172,9
3/3/2019 16:25,63.5,171,9.1
3/3/2019 16:30,63.5,170,8.9
3/3/2019 16:35,63.4,170,9
3/3/2019 16:40,63.4,170,8.8
3/3/2019 16:45,63.6,169,8.8
3/3/2019 16:50,63.7,168,8.7
3/3/2019 16:55,63.9,165,8.6
3/3/2019 17:00,64.4,164,8.2
3/3/2019 17:05,64.4,164,8.3
3/3/2019 17:10,64.2,165,8.5
3/3/2019 17:15,64.2,166,8.6
3/3/2019 17:20,64,166,8.6
3/3/2019 17:25,64.3,164,8.4
3/3/2019 17:30,64.3,162,8.4
3/3/2019 17:35,64.3,161,8.2
3/3/2019 17:40,64.4,162,8
3/3/2019 17:45,64.5,160,8.1
3/3/2019 17:50,64.5,159,8.1
3/3/2019 17:55,64.5,156,7.8
3/3/2019 18:00,65.1,156,7.8
3/3/2019 18:05,64.9,154,7.8
3/3/2019 18:10,65,156,8
3/3/2019 18:15,64.8,158,8
3/3/2019 18:20,64.8,157,7.8
3/3/2019 18:25,64.7,156,8
3/3/2019 18:30,64.7,155,7.8
3/3/2019 18:35,64.8,154,7.8
3/3/2019 18:40,64.9,154,7.7
3/3/2019 18:45,65,152,7.7
3/3/2019 18:50,65,150,7.6
3/3/2019 18:55,65,148,7.3
3/3/2019 19:00,65.4,146,7.3
3/3/2019 19:05,65.2,146,7.2
3/3/2019 19:10,65.2,148,7.4
3/3/2019 19:15,65.1,148,7.3
3/3/2019 19:20,64.9,147,7.3
3/3/2019 19:25,64.8,145,7.3
3/3/2019 19:30,64.8,145,7.4
3/3/2019 19:35,64.7,144,7.3
3/3/2019 19:40,64.7,145,7.1
3/3/2019 19:45,64.7,144,7.2
3/3/2019 19:50,64.6,144,7.3
3/3/2019 19:55,64.6,141,7.1
3/3/2019 20:00,65.1,140,7
3/3/2019 20:05,64.8,141,7.2
3/3/2019 20:10,64.8,142,7
3/3/2019 20:15,64.1,143,7
3/3/2019 20:20,63.9,142,7.2
3/3/2019 20:25,63.8,141,7.3
3/3/2019 20:30,63.8,140,7
3/3/2019 20:35,63.8,139,7
3/3/2019 20:40,63.7,139,6.9
3/3/2019 20:45,63.4,139,7
3/3/2019 20:50,63.5,137,6.9
3/3/2019 20:55,63.8,135,6.8
3/3/2019 21:00,66.3,135,6.6
3/3/2019 21:05,67.3,134,6.9
3/3/2019 21:10,67.6,134,6.8
3/3/2019 21:15,67.8,134,6.7
3/3/2019 21:20,67.9,134,6.7
3/3/2019 21:25,68.2,130,6.7
3/3/2019 21:30,68.2,129,6.5
3/3/2019 21:35,68.4,127,6.4
3/3/2019 21:40,68.6,125,6.2
3/3/2019 21:45,68.8,124,6
3/3/2019 21:50,68.8,121,5.7
3/3/2019 21:55,68.9,118,5.7
3/3/2019 22:00,68.6,115,5.4
3/3/2019 22:05,68.6,113,5.4
3/3/2019 22:10,68.5,113,5.6
3/3/2019 22:15,68.7,111,5.4
3/3/2019 22:20,68.5,108,5.2
3/3/2019 22:25,68.8,105,5
3/3/2019 22:30,68.8,101,4.8
3/3/2019 22:35,69.1,98,4.9
3/3/2019 22:40,69.3,96,4.6
3/3/2019 22:45,69.4,92,4.5
3/3/2019 22:50,69.4,88,4.2
3/3/2019 22:55,69.6,84,4.1
3/3/2019 23:00,69.3,80,3.7
3/3/2019 23:05,69,78,3.6
3/3/2019 23:10,69,75,3.5
3/3/2019 23:15,69.2,72,3.5
3/3/2019 23:20,69.3,69,3.3
3/3/2019 23:25,69.3,66,3
3/3/2019 23:30,69.4,63,2.9
3/3/2019 23:35,69.1,61,2.8
3/3/2019 23:40,69.1,59,2.7
3/3/2019 23:45,69.1,56,2.5
3/3/2019 23:50,69.2,53,2.4
3/3/2019 23:55,69.4,50,2.2
3/4/2019 00:00,69.5,46,2.1
3/4/2019 00:05,69.5,46,2.1
3/4/2019 00:10,69.3,44,2
3/4/2019 00:15,69.1,43,1.9
3/4/2019 00:20,69.3,40,1.8
3/4/2019 00:25,69.3,39,1.8
3/4/2019 00:30,69.3,37,1.6
3/4/2019 00:35,69.2,35,1.5
3/4/2019 00:40,69,34,1.5
3/4/2019 00:45,68.6,33,1.4
3/4/2019 00:50,68.7,31,1.4
3/4/2019 00:55,68.8,29,1.2
3/4/2019 01:00,69.2,28,1.2
3/4/2019 01:05,69.2,27,1.2
3/4/2019 01:10,69.2,25,1.1
3/4/2019 01:15,68.9,24,1.1
3/4/2019 01:20,68.9,23,1.1
3/4/2019 01:25,68.8,21,1.1
3/4/2019 01:30,69,22,1
3/4/2019 01:35,68.9,20,1
3/4/2019 01:40,68.8,20,0.9
3/4/2019 01:45,68.8,19,0.9
3/4/2019 01:50,68.7,20,0.9
3/4/2019 01:55,68.6,17,0.9
3/4/2019 02:00,69,16,0.8
3/4/2019 02:05,68.7,15,0.8
3/4/2019 02:10,68.9,16,0.9
3/4/2019 02:15,68.9,16,0.8
3/4/2019 02:20,69,16,0.8
3/4/2019 02:25,69,15,0.8
3/4/2019 02:30,68.8,15,0.8
3/4/2019 02:35,69,15,0.8
3/4/2019 02:40,68.9,15,0.8
3/4/2019 02:45,68.6,15,0.8
3/4/2019 02:50,68.5,14,0.8
3/4/2019 02:55,68.1,13,0.7
3/4/2019 03:00,68.5,14,0.7
3/4/2019 03:05,68.4,15,0.8
3/4/2019 03:10,68.2,15,0.8
3/4/2019 03:15,68.3,16,0.9
3/4/2019 03:20,68.2,16,0.9
3/4/2019 03:25,68.3,19,1
3/4/2019 03:30,68,19,1
3/4/2019 03:35,68.1,19,1.1
3/4/2019 03:40,68.4,22,1.1
3/4/2019 03:45,68.6,23,1.1
3/4/2019 03:50,68.4,23,1.2
3/4/2019 03:55,68.1,25,1.2
3/4/2019 04:00,68.3,26,1.2
3/4/2019 04:05,68.3,30,1.3
3/4/2019 04:10,68.6,33,1.5
3/4/2019 04:15,68.8,40,1.6
3/4/2019 04:20,68.8,41,1.9
3/4/2019 04:25,69,47,2.1
3/4/2019 04:30,69.3,53,2.4
3/4/2019 04:35,69.3,58,2.6
3/4/2019 04:40,69.5,63,2.9
3/4/2019 04:45,69.6,68,3.1
3/4/2019 04:50,69.6,76,3
3/4/2019 04:55,69.4,74,2.9
3/4/2019 05:00,69.6,76,3.1
3/4/2019 05:05,69.3,81,3.6
3/4/2019 05:10,69.4,90,3.9
3/4/2019 05:15,69.2,99,4.2
3/4/2019 05:20,69.1,107,4.6
3/4/2019 05:25,69.3,113,5
3/4/2019 05:30,69.2,120,5.4
3/4/2019 05:35,69.1,130,5.8
3/4/2019 05:40,69.1,141,6.5
3/4/2019 05:45,68.7,146,6.6
3/4/2019 05:50,68.8,146,6.5
3/4/2019 05:55,68.8,139,6.2
3/4/2019 06:00,67.3,138,6.2
3/4/2019 06:05,66.6,145,6.5
3/4/2019 06:10,65.9,154,7.3
3/4/2019 06:15,65.5,163,7.7
3/4/2019 06:20,65.2,167,8
3/4/2019 06:25,65.1,171,8.2
3/4/2019 06:30,65,175,8.8
3/4/2019 06:35,64.8,179,9
3/4/2019 06:40,64.7,175,9.7
3/4/2019 06:45,64.7,181,9.8
3/4/2019 06:50,64.7,178,9.6
3/4/2019 06:55,64.7,171,9.3
3/4/2019 07:00,64.8,176,9.3
3/4/2019 07:05,64.5,175,9.6
3/4/2019 07:10,64.1,184,10
3/4/2019 07:15,63.9,186,10.2
3/4/2019 07:20,63.7,187,10.2
3/4/2019 07:25,63.6,185,10.3
3/4/2019 07:30,63.5,186,10.4
3/4/2019 07:35,63.2,187,10.6
3/4/2019 07:40,63,189,10.7
3/4/2019 07:45,62.9,190,10.6
3/4/2019 07:50,62.8,185,10.4
3/4/2019 07:55,62.4,181,10.1
3/4/2019 08:00,62.6,177,9.9
3/4/2019 08:05,62.3,177,9.9
3/4/2019 08:10,62,179,9.9
3/4/2019 08:15,62.3,179,10
3/4/2019 08:20,62.6,181,9.9
3/4/2019 08:25,62.6,178,9.9
3/4/2019 08:30,62.5,175,9.9
3/4/2019 08:35,62.5,175,9.9
3/4/2019 08:40,62.4,174,10
3/4/2019 08:45,62.4,173,10
3/4/2019 08:50,62.5,169,9.6
3/4/2019 08:55,62.5,163,9.4
3/4/2019 09:00,62.3,161,9.2
3/4/2019 09:05,62.2,162,9.1
3/4/2019 09:10,62,166,9.2
3/4/2019 09:15,61.8,169,9.3
3/4/2019 09:20,61.8,168,9.3
3/4/2019 09:25,61.7,170,9.2
3/4/2019 09:30,61.6,171,9.3
3/4/2019 09:35,61.7,170,9.2
3/4/2019 09:40,61.6,172,9.3
3/4/2019 09:45,61.6,173,9.4
3/4/2019 09:50,61.6,171,9.2
3/4/2019 09:55,61.7,167,8.9
3/4/2019 10:00,61.8,163,8.7
3/4/2019 10:05,61.7,162,8.6
3/4/2019 10:10,61.7,164,8.7
3/4/2019 10:15,61.6,165,8.8
3/4/2019 10:20,61.6,166,8.9
3/4/2019 10:25,61.6,165,8.8
3/4/2019 10:30,61.7,166,8.8
3/4/2019 10:35,61.6,168,9
3/4/2019 10:40,61.7,168,9
3/4/2019 10:45,61.6,169,9.1
3/4/2019 10:50,61.5,168,9.1
3/4/2019 10:55,61.5,166,9.3
3/4/2019 11:00,61.7,165,9
3/4/2019 11:05,61.5,165,9.3
3/4/2019 11:10,61.4,166,9.4
3/4/2019 11:15,61.5,168,9.7
3/4/2019 11:20,61.4,169,9.5
3/4/2019 11:25,61.4,168,9.6
3/4/2019 11:30,61.4,168,9.7
3/4/2019 11:35,61.3,169,9.7
3/4/2019 11:40,61.4,170,9.8
3/4/2019 11:45,61.4,170,9.7
3/4/2019 11:50,61.5,168,9.7
3/4/2019 11:55,61.4,166,9.6
3/4/2019 12:00,61.6,166,9.4
3/4/2019 12:05,61.5,168,9.6
3/4/2019 12:10,61.5,169,9.8
3/4/2019 12:15,61.5,172,9.7
3/4/2019 12:20,61.5,172,9.8
3/4/2019 12:25,61.4,171,10.1
3/4/2019 12:30,61.5,171,9.9
3/4/2019 12:35,61.2,173,10.1
3/4/2019 12:40,61.4,173,10.1
3/4/2019 12:45,61.5,174,10.1
3/4/2019 12:50,61.4,172,9.9
3/4/2019 12:55,61.5,170,9.8
3/4/2019 13:00,61.7,172,9.7
3/4/2019 13:05,61.6,172,9.5
3/4/2019 13:10,61.6,175,9.9
3/4/2019 13:15,61.6,175,9.7
3/4/2019 13:20,61.6,176,10
3/4/2019 13:25,61.6,177,9.9
3/4/2019 13:30,61.7,177,10.1
3/4/2019 13:35,61.6,181,10.3
3/4/2019 13:40,61.6,183,10.1
3/4/2019 13:45,61.6,182,10.2
3/4/2019 13:50,61.7,180,10.2
3/4/2019 13:55,61.7,178,10
3/4/2019 14:00,61.8,178,9.8
3/4/2019 14:05,61.7,179,10
3/4/2019 14:10,61.7,183,10
3/4/2019 14:15,61.7,186,10.2
3/4/2019 14:20,61.7,185,10.1
3/4/2019 14:25,61.7,184,9.8
3/4/2019 14:30,61.7,183,9.9
3/4/2019 14:35,61.7,186,10
3/4/2019 14:40,61.7,186,10.3
3/4/2019 14:45,61.5,188,10.4
3/4/2019 14:50,61.4,188,10.2
3/4/2019 14:55,61.5,184,9.9
3/4/2019 15:00,61.6,181,9.7
3/4/2019 15:05,61.7,181,9.9
3/4/2019 15:10,61.6,185,10.2
3/4/2019 15:15,61.5,190,10.4
3/4/2019 15:20,61.5,186,10.3
3/4/2019 15:25,61.5,186,10.2
3/4/2019 15:30,61.6,184,10.1
3/4/2019 15:35,61.6,189,10.4
3/4/2019 15:40,61.3,191,10.6
3/4/2019 15:45,61.1,193,10.8
3/4/2019 15:50,61.1,190,10.5
3/4/2019 15:55,61.3,187,10.3
3/4/2019 16:00,61.3,185,10.1
3/4/2019 16:05,61.6,188,10.3
3/4/2019 16:10,61.2,190,10.7
3/4/2019 16:15,61.1,190,11.1
3/4/2019 16:20,60.9,187,10.9
3/4/2019 16:25,60.9,188,10.8
3/4/2019 16:30,60.9,178,10.6
3/4/2019 16:35,60.8,176,10.9
3/4/2019 16:40,60.6,177,11.3
3/4/2019 16:45,60,177,11.6
3/4/2019 16:50,59.8,177,11.7
3/4/2019 16:55,59.4,178,11.4
3/4/2019 17:00,59.1,182,11.5
3/4/2019 17:05,58.4,186,12
3/4/2019 17:10,57.8,181,12.8
3/4/2019 17:15,56.7,178,14
3/4/2019 17:20,56.5,176,14.2
3/4/2019 17:25,55.4,174,14.2
3/4/2019 17:30,53.7,174,14.2
3/4/2019 17:35,55.3,177,14.3
3/4/2019 17:40,55.3,174,13.3
3/4/2019 17:45,56.4,176,13.2
3/4/2019 17:50,57.3,180,12.8
3/4/2019 17:55,58.3,179,11.7
3/4/2019 18:00,59,177,10.4
3/4/2019 18:05,59.8,176,9.9
3/4/2019 18:10,60.7,180,9.7
3/4/2019 18:15,61.9,180,9.8
3/4/2019 18:20,62.5,179,9.4
3/4/2019 18:25,63.2,175,9
3/4/2019 18:30,64,173,8.7
3/4/2019 18:35,64.2,170,8.6
3/4/2019 18:40,64.3,169,8.3
3/4/2019 18:45,64.5,166,8.1
3/4/2019 18:50,64.6,161,7.9
3/4/2019 18:55,64.8,156,7.7
3/4/2019 19:00,64.8,153,7.4
3/4/2019 19:05,64.9,152,7.4
3/4/2019 19:10,65,153,7.3
3/4/2019 19:15,65.4,153,7.5
3/4/2019 19:20,65.2,150,7.7
3/4/2019 19:25,65.3,146,7.5
3/4/2019 19:30,65.6,143,7.3
3/4/2019 19:35,65.5,142,7.5
3/4/2019 19:40,65.6,140,7.3
3/4/2019 19:45,65.9,138,7.1
3/4/2019 19:50,66.1,136,7.1
3/4/2019 19:55,66,131,6.8
3/4/2019 20:00,66.2,128,6.6
3/4/2019 20:05,66.3,128,6.6
3/4/2019 20:10,66.1,129,6.9
3/4/2019 20:15,65.8,129,6.7
3/4/2019 20:20,65.7,126,6.4
3/4/2019 20:25,65.8,123,6.5
3/4/2019 20:30,65.8,120,6.3
3/4/2019 20:35,65.9,119,6.4
3/4/2019 20:40,66.1,119,6.1
3/4/2019 20:45,66.3,117,6.1
3/4/2019 20:50,66.3,116,6.1
3/4/2019 20:55,66.4,114,5.7
3/4/2019 21:00,67.3,112,5.7
3/4/2019 21:05,67.9,113,5.8
3/4/2019 21:10,68.1,115,5.7
3/4/2019 21:15,68.1,116,5.9
3/4/2019 21:20,68.4,115,5.8
3/4/2019 21:25,68.4,112,5.8
3/4/2019 21:30,68.1,109,5.6
3/4/2019 21:35,68.2,108,5.4
3/4/2019 21:40,68.4,106,5.6
3/4/2019 21:45,68.6,104,5.3
3/4/2019 21:50,68.6,100,5.1
3/4/2019 21:55,68.9,96,4.9
3/4/2019 22:00,68.5,93,4.8
3/4/2019 22:05,68.5,93,4.7
3/4/2019 22:10,68.7,94,4.8
3/4/2019 22:15,68.4,93,4.8
3/4/2019 22:20,68.7,89,4.5
3/4/2019 22:25,68.4,85,4.1
3/4/2019 22:30,68.6,82,4.1
3/4/2019 22:35,68.9,80,3.9
3/4/2019 22:40,68.9,79,3.9
3/4/2019 22:45,69,75,3.7
3/4/2019 22:50,69.1,71,3.4
3/4/2019 22:55,69.1,66,3.3
3/4/2019 23:00,68.8,63,3.2
3/4/2019 23:05,68.6,62,3.1
3/4/2019 23:10,68.7,62,3.1
3/4/2019 23:15,68.9,60,3.1
3/4/2019 23:20,68.8,57,2.9
3/4/2019 23:25,68.8,54,2.6
3/4/2019 23:30,68.8,51,2.5
3/4/2019 23:35,68.8,51,2.5
3/4/2019 23:40,68.6,50,2.6
3/4/2019 23:45,68.4,48,2.4
3/4/2019 23:50,68.3,46,2.2
3/4/2019 23:55,68.2,42,2.1
3/5/2019 00:00,69.5,39,2
3/5/2019 00:05,69.2,39,2
3/5/2019 00:10,69,39,2
3/5/2019 00:15,69,38,1.9
3/5/2019 00:20,68.8,35,1.8
3/5/2019 00:25,68.6,33,1.7
3/5/2019 00:30,68.6,32,1.6
3/5/2019 00:35,68.3,31,1.6
3/5/2019 00:40,68.1,31,1.6
3/5/2019 00:45,68.1,29,1.5
3/5/2019 00:50,68,27,1.4
3/5/2019 00:55,68,25,1.3
3/5/2019 01:00,68.1,24,1.3
3/5/2019 01:05,68.2,23,1.3
3/5/2019 01:10,68.4,23,1.3
3/5/2019 01:15,68.6,22,1.2
3/5/2019 01:20,68.2,20,1.2
3/5/2019 01:25,68.2,20,1.1
3/5/2019 01:30,68.5,18,1
3/5/2019 01:35,68.2,18,1.1
3/5/2019 01:40,68.1,19,1.1
3/5/2019 01:45,68.1,18,1
3/5/2019 01:50,68.4,18,1
3/5/2019 01:55,68.3,16,0.9
3/5/2019 02:00,68.2,16,1
3/5/2019 02:05,67.9,16,1
3/5/2019 02:10,68.3,17,1
3/5/2019 02:15,68.4,16,1
3/5/2019 02:20,68.4,16,0.9
3/5/2019 02:25,68.2,15,0.9
3/5/2019 02:30,68,15,0.9
3/5/2019 02:35,68.3,15,0.9
3/5/2019 02:40,68.3,16,0.9
3/5/2019 02:45,68.2,16,0.9
3/5/2019 02:50,67.9,15,0.9
3/5/2019 02:55,68,14,0.8
3/5/2019 03:00,67.9,15,0.8
3/5/2019 03:05,68,14,0.8
3/5/2019 03:10,67.9,16,0.9
3/5/2019 03:15,68.1,16,0.9
3/5/2019 03:20,68,17,1
3/5/2019 03:25,67.9,17,1
3/5/2019 03:30,68,18,1.1
3/5/2019 03:35,68.3,19,1.1
3/5/2019 03:40,68.2,19,1.2
3/5/2019 03:45,68.3,21,1.3
3/5/2019 03:50,68.3,21,1.2
3/5/2019 03:55,68,23,1.2
3/5/2019 04:00,67.9,24,1.3
3/5/2019 04:05,67.9,27,1.4
3/5/2019 04:10,68,33,1.6
3/5/2019 04:15,68.5,38,1.8
3/5/2019 04:20,69.1,41,1.9
3/5/2019 04:25,69.2,45,2.1
3/5/2019 04:30,69.3,46,2.4
3/5/2019 04:35,69.3,53,2.6
3/5/2019 04:40,69.8,59,3
3/5/2019 04:45,70,66,3.1
3/5/2019 04:50,69.9,72,3.1
3/5/2019 04:55,69.7,73,3
3/5/2019 05:00,69.9,76,3.1
3/5/2019 05:05,69.5,81,3.5
3/5/2019 05:10,68.9,90,4.1
3/5/2019 05:15,69.2,99,4.6
3/5/2019 05:20,69.4,107,5
3/5/2019 05:25,69.7,115,5.4
3/5/2019 05:30,69.5,124,5.6
3/5/2019 05:35,69.5,133,6.1
3/5/2019 05:40,69.5,143,6.7
3/5/2019 05:45,69.1,150,6.9
3/5/2019 05:50,69.1,150,6.9
3/5/2019 05:55,68.9,143,6.6
3/5/2019 06:00,67.1,143,6.6
3/5/2019 06:05,66.4,149,7
3/5/2019 06:10,65.8,160,7.7
3/5/2019 06:15,65.3,169,8.2
3/5/2019 06:20,65.2,174,8.7
3/5/2019 06:25,64.9,175,8.9
3/5/2019 06:30,64.8,178,9.3
3/5/2019 06:35,64.7,178,9.6
3/5/2019 06:40,64.5,180,10.2
3/5/2019 06:45,64.5,186,10.3
3/5/2019 06:50,64.4,184,10.1
3/5/2019 06:55,64.2,178,9.9
3/5/2019 07:00,64.2,180,9.8
3/5/2019 07:05,64,178,10
3/5/2019 07:10,63.7,186,10.4
3/5/2019 07:15,63.8,189,10.6
3/5/2019 07:20,63.5,189,10.7
3/5/2019 07:25,63.1,189,10.8
3/5/2019 07:30,63.1,188,11
3/5/2019 07:35,62.3,191,11.2
3/5/2019 07:40,62.2,192,11.3
3/5/2019 07:45,62.1,191,11.2
3/5/2019 07:50,62.2,188,11
3/5/2019 07:55,62.1,184,10.7
3/5/2019 08:00,62.5,181,10.5
3/5/2019 08:05,62.1,181,10.5
3/5/2019 08:10,62.1,183,10.7
3/5/2019 08:15,61.6,185,10.7
3/5/2019 08:20,61.5,184,10.7
3/5/2019 08:25,61.7,183,10.5
3/5/2019 08:30,61.6,180,10.5
3/5/2019 08:35,61.8,180,10.6
3/5/2019 08:40,61.3,181,10.6
3/5/2019 08:45,61.7,180,10.4
3/5/2019 08:50,61.5,177,10.2
3/5/2019 08:55,61.7,171,9.9
3/5/2019 09:00,61.7,169,9.7
3/5/2019 09:05,61.7,167,9.5
3/5/2019 09:10,61.7,166,9.6
3/5/2019 09:15,61.5,167,9.8
3/5/2019 09:20,61.5,169,9.7
3/5/2019 09:25,61.5,169,9.6
3/5/2019 09:30,61.5,172,9.7
3/5/2019 09:35,61.5,171,9.6
3/5/2019 09:40,61.5,174,9.6
3/5/2019 09:45,61.5,173,9.6
3/5/2019 09:50,61.6,172,9.4
3/5/2019 09:55,61.6,169,9.2
3/5/2019 10:00,61.6,165,9
3/5/2019 10:05,61.5,165,9
3/5/2019 10:10,61.4,166,9
3/5/2019 10:15,61.4,168,9.1
3/5/2019 10:20,61.4,168,9.3
3/5/2019 10:25,61.5,168,9.1
3/5/2019 10:30,61.4,168,9.2
3/5/2019 10:35,61.3,169,9.3
3/5/2019 10:40,61.3,169,9.3
3/5/2019 10:45,61.3,170,9.3
3/5/2019 10:50,61.3,168,9.3
3/5/2019 10:55,61.3,166,9.3
3/5/2019 11:00,61.4,164,9.2
3/5/2019 11:05,61.4,166,9.5
3/5/2019 11:10,61.4,168,9.8
3/5/2019 11:15,61.5,168,9.8
3/5/2019 11:20,61.4,169,9.7
3/5/2019 11:25,61.5,169,9.8
3/5/2019 11:30,61.5,168,9.9
3/5/2019 11:35,61.6,170,9.7
3/5/2019 11:40,61.6,171,9.8
3/5/2019 11:45,61.5,171,10
3/5/2019 11:50,61.5,169,9.8
3/5/2019 11:55,61.5,166,9.6
3/5/2019 12:00,61.3,165,9.6
3/5/2019 12:05,61.3,167,9.7
3/5/2019 12:10,61.4,170,9.8
3/5/2019 12:15,61.4,172,10.2
3/5/2019 12:20,61.4,172,10.1
3/5/2019 12:25,61.6,173,10
3/5/2019 12:30,61.6,172,9.9
3/5/2019 12:35,61.6,172,10
3/5/2019 12:40,61.6,174,10.3
3/5/2019 12:45,61.7,174,9.9
3/5/2019 12:50,61.7,173,10.1
3/5/2019 12:55,61.8,173,10
3/5/2019 13:00,62,175,10
3/5/2019 13:05,62.2,173,9.7
3/5/2019 13:10,62,178,10
3/5/2019 13:15,61.8,178,10
3/5/2019 13:20,61.9,180,10.3
3/5/2019 13:25,61.8,180,10.2
3/5/2019 13:30,61.8,178,10.2
3/5/2019 13:35,61.9,182,10.4
3/5/2019 13:40,61.8,185,10.5
3/5/2019 13:45,61.8,184,10.4
3/5/2019 13:50,61.8,183,10.2
3/5/2019 13:55,61.8,179,10
3/5/2019 14:00,61.9,183,10.2
3/5/2019 14:05,61.9,181,9.9
3/5/2019 14:10,61.8,186,10.2
3/5/2019 14:15,61.7,188,10.7
3/5/2019 14:20,61.7,188,10.7
3/5/2019 14:25,61.7,186,10.7
3/5/2019 14:30,61.4,185,10.6
3/5/2019 14:35,61.7,189,10.5
3/5/2019 14:40,61.5,196,11.1
3/5/2019 14:45,61.3,194,10.8
3/5/2019 14:50,61.2,190,10.7
3/5/2019 14:55,61.2,185,10.3
3/5/2019 15:00,61.3,184,10.1
3/5/2019 15:05,61.3,186,10.2
3/5/2019 15:10,61.1,188,10.5
3/5/2019 15:15,61,190,10.7
3/5/2019 15:20,61.1,190,10.7
3/5/2019 15:25,61.1,188,10.6
3/5/2019 15:30,61.2,189,10.5
3/5/2019 15:35,61.2,191,10.7
3/5/2019 15:40,61,195,11.1
3/5/2019 15:45,60.7,189,11.2
3/5/2019 15:50,60.5,191,11.1
3/5/2019 15:55,60.5,188,10.9
3/5/2019 16:00,60.7,184,10.6
3/5/2019 16:05,60.8,178,10.8
3/5/2019 16:10,60.5,175,11.2
3/5/2019 16:15,59.8,176,11.3
3/5/2019 16:20,59.2,170,11.5
3/5/2019 16:25,59,172,11.3
3/5/2019 16:30,59,169,11.2
3/5/2019 16:35,58.5,170,12
3/5/2019 16:40,57.7,168,12.7
3/5/2019 16:45,57.2,168,13.4
3/5/2019 16:50,56.9,166,13.5
3/5/2019 16:55,56.6,169,13.3
3/5/2019 17:00,56.8,171,13
3/5/2019 17:05,56.6,166,13.7
3/5/2019 17:10,55.9,168,14.6
3/5/2019 17:15,52.4,169,15.1
3/5/2019 17:20,46.9,167,15.1
3/5/2019 17:25,42.3,167,14.9
3/5/2019 17:30,40.5,165,14.6
3/5/2019 17:35,40.6,165,14.8
3/5/2019 17:40,42.7,166,14.7
3/5/2019 17:45,47.9,166,14.8
3/5/2019 17:50,51.5,169,14.4
3/5/2019 17:55,54.5,168,13.9
3/5/2019 18:00,56.1,171,12.8
3/5/2019 18:05,56.9,171,11.5
3/5/2019 18:10,58.6,171,11.3
3/5/2019 18:15,59.6,173,11
3/5/2019 18:20,60,173,10.2
3/5/2019 18:25,60.9,173,10
3/5/2019 18:30,62.5,175,9.4
3/5/2019 18:35,63.6,175,9
3/5/2019 18:40,64.1,175,9.1
3/5/2019 18:45,64.2,172,8.7
3/5/2019 18:50,64.4,168,8.5
3/5/2019 18:55,64.5,163,8
3/5/2019 19:00,64.7,160,7.8
3/5/2019 19:05,64.8,159,8
3/5/2019 19:10,64.8,160,7.9
3/5/2019 19:15,64.8,160,7.8
3/5/2019 19:20,64.9,156,7.7
3/5/2019 19:25,64.9,153,7.6
3/5/2019 19:30,64.9,149,7.5
3/5/2019 19:35,65.4,146,7.5
3/5/2019 19:40,65.6,145,7.4
3/5/2019 19:45,65.4,146,7.4
3/5/2019 19:50,65.8,140,7.4
3/5/2019 19:55,65.7,137,7.1
3/5/2019 20:00,66.2,138,7
3/5/2019 20:05,66.1,134,7
3/5/2019 20:10,66.3,133,7.1
3/5/2019 20:15,66,133,6.9
3/5/2019 20:20,66,131,6.9
3/5/2019 20:25,66.2,129,6.8
3/5/2019 20:30,66.2,125,6.7
3/5/2019 20:35,66.1,124,6.5
3/5/2019 20:40,66.4,123,6.6
3/5/2019 20:45,66.8,123,6.5
3/5/2019 20:50,66.6,120,6.2
3/5/2019 20:55,66.7,118,6
3/5/2019 21:00,67.8,115,6
3/5/2019 21:05,68.1,117,5.9
3/5/2019 21:10,68.3,121,5.9
3/5/2019 21:15,68.3,122,6.1
3/5/2019 21:20,68,120,6.2
3/5/2019 21:25,68.1,118,6.1
3/5/2019 21:30,68.1,114,5.9
3/5/2019 21:35,68.3,113,5.8
3/5/2019 21:40,68.5,111,5.7
3/5/2019 21:45,68.8,109,5.6
3/5/2019 21:50,68.9,106,5.6
3/5/2019 21:55,69,103,5.3
3/5/2019 22:00,68.9,100,5.2
3/5/2019 22:05,68.7,100,5.3
3/5/2019 22:10,68.5,101,5.2
3/5/2019 22:15,68.6,100,5
3/5/2019 22:20,68.4,96,5
3/5/2019 22:25,68.4,91,4.7
3/5/2019 22:30,68.7,89,4.5
3/5/2019 22:35,68.7,86,4.4
3/5/2019 22:40,68.8,84,4
3/5/2019 22:45,68.8,80,4.2
3/5/2019 22:50,69,76,3.8
3/5/2019 22:55,69.1,73,3.7
3/5/2019 23:00,68.9,68,3.4
3/5/2019 23:05,68.4,67,3.5
3/5/2019 23:10,68.7,67,3.5
3/5/2019 23:15,68.5,64,3.4
3/5/2019 23:20,68.9,60,3.1
3/5/2019 23:25,68.6,58,3.1
3/5/2019 23:30,68.7,56,2.7
3/5/2019 23:35,68.9,54,2.8
3/5/2019 23:40,68.6,54,2.8
3/5/2019 23:45,68.8,52,2.8
3/5/2019 23:50,68.5,49,2.5
3/5/2019 23:55,68.3,46,2.4
3/6/2019 00:00,69.3,42,2.1
3/6/2019 00:05,69,41,2.1
3/6/2019 00:10,69.1,41,2.1
3/6/2019 00:15,68.8,39,2
3/6/2019 00:20,68.5,37,1.9
3/6/2019 00:25,68.4,35,1.9
3/6/2019 00:30,68.3,33,1.8
3/6/2019 00:35,68.5,33,1.7
3/6/2019 00:40,68.4,32,1.8
3/6/2019 00:45,68.2,30,1.6
3/6/2019 00:50,67.9,28,1.5
3/6/2019 00:55,68,27,1.4
3/6/2019 01:00,68.2,25,1.3
3/6/2019 01:05,68.3,25,1.3
3/6/2019 01:10,68.3,25,1.3
3/6/2019 01:15,68.3,24,1.3
3/6/2019 01:20,68.3,22,1.2
3/6/2019 01:25,68.1,21,1.1
3/6/2019 01:30,68,20,1.1
3/6/2019 01:35,68,19,1.1
3/6/2019 01:40,67.9,20,1.1
3/6/2019 01:45,68.1,20,1.1
3/6/2019 01:50,68.1,18,1
3/6/2019 01:55,68.1,18,1
3/6/2019 02:00,68.1,18,1
3/6/2019 02:05,68.3,18,1
3/6/2019 02:10,68.3,19,1.1
3/6/2019 02:15,68.2,18,1
3/6/2019 02:20,68,18,1
3/6/2019 02:25,68,16,0.9
3/6/2019 02:30,67.9,16,1
3/6/2019 02:35,68.4,16,1
3/6/2019 02:40,68.3,17,1
3/6/2019 02:45,67.9,17,1
3/6/2019 02:50,68.2,15,0.9
3/6/2019 02:55,68.1,15,0.9
3/6/2019 03:00,67.9,14,0.9
3/6/2019 03:05,67.9,15,0.9
3/6/2019 03:10,68,16,1
3/6/2019 03:15,67.9,16,1
3/6/2019 03:20,67.7,16,1
3/6/2019 03:25,67.8,17,1
3/6/2019 03:30,67.8,18,1.1
3/6/2019 03:35,68.2,19,1.2
3/6/2019 03:40,68.7,21,1.3
3/6/2019 03:45,68.8,21,1.3
3/6/2019 03:50,68.3,23,1.3
3/6/2019 03:55,68.4,23,1.3
3/6/2019 04:00,68.2,24,1.3
3/6/2019 04:05,68.2,28,1.5
3/6/2019 04:10,68.4,33,1.7
3/6/2019 04:15,68.6,39,1.9
3/6/2019 04:20,69.2,39,2.1
3/6/2019 04:25,69.4,44,2.2
3/6/2019 04:30,69.6,49,2.5
3/6/2019 04:35,69.8,53,2.8
3/6/2019 04:40,69.9,60,3.1
3/6/2019 04:45,70.1,66,3.2
3/6/2019 04:50,69.7,70,3.3
3/6/2019 04:55,69.6,75,3.2
3/6/2019 05:00,70.1,77,3.2
3/6/2019 05:05,69.6,83,3.7
3/6/2019 05:10,69.6,92,4.1
3/6/2019 05:15,69.6,102,4.7
3/6/2019 05:20,69.9,110,5.1
3/6/2019 05:25,69.9,118,5.4
3/6/2019 05:30,69.7,125,5.8
3/6/2019 05:35,69.6,133,6.2
3/6/2019 05:40,69.4,142,6.7
3/6/2019 05:45,69.2,148,6.9
3/6/2019 05:50,69.4,153,6.9
3/6/2019 05:55,69.2,147,6.8
3/6/2019 06:00,67.2,145,6.8
3/6/2019 06:05,66.4,151,7.3
3/6/2019 06:10,65.7,162,7.8
3/6/2019 06:15,65.3,171,8.3
3/6/2019 06:20,65.1,175,8.6
3/6/2019 06:25,64.9,176,9
3/6/2019 06:30,64.8,180,9.3
3/6/2019 06:35,64.7,180,9.8
3/6/2019 06:40,64.6,181,10.3
3/6/2019 06:45,64.4,185,10.5
3/6/2019 06:50,64.3,182,10.4
3/6/2019 06:55,64.2,179,10
3/6/2019 07:00,64.1,179,9.9
3/6/2019 07:05,63.9,181,10.3
3/6/2019 07:10,63.7,187,10.7
3/6/2019 07:15,63.5,193,11
3/6/2019 07:20,63.3,193,11.1
3/6/2019 07:25,63.2,193,11.1
3/6/2019 07:30,62.8,191,11.3
3/6/2019 07:35,62.4,194,11.5
3/6/2019 07:40,61.9,196,11.7
3/6/2019 07:45,61.9,196,11.7
3/6/2019 07:50,61.7,193,11.3
3/6/2019 07:55,62,188,11
3/6/2019 08:00,61.9,185,10.7
3/6/2019 08:05,61.8,184,10.7
3/6/2019 08:10,61.5,186,10.9
3/6/2019 08:15,61.8,187,10.9
3/6/2019 08:20,61.8,188,10.9
3/6/2019 08:25,61.7,186,10.8
3/6/2019 08:30,61.8,183,10.7
3/6/2019 08:35,61.7,182,10.7
3/6/2019 08:40,61.7,183,10.8
3/6/2019 08:45,61.6,181,10.8
3/6/2019 08:50,61.6,178,10.6
3/6/2019 08:55,61.9,173,10.2
3/6/2019 09:00,62.1,173,10
3/6/2019 09:05,61.9,169,9.9
3/6/2019 09:10,61.7,170,9.9
3/6/2019 09:15,61.5,171,10
3/6/2019 09:20,61.4,175,10.1
3/6/2019 09:25,61.5,178,10
3/6/2019 09:30,61.4,178,10
3/6/2019 09:35,61.3,180,10.1
3/6/2019 09:40,61.4,178,10.1
3/6/2019 09:45,61.5,180,10
3/6/2019 09:50,61.5,178,9.8
3/6/2019 09:55,61.5,174,9.6
3/6/2019 10:00,61.6,170,9.3
3/6/2019 10:05,61.7,170,9.3
3/6/2019 10:10,61.4,171,9.4
3/6/2019 10:15,61.4,171,9.4
3/6/2019 10:20,61.3,173,9.4
3/6/2019 10:25,61.4,172,9.4
3/6/2019 10:30,61.4,173,9.5
3/6/2019 10:35,61.4,174,9.8
3/6/2019 10:40,61.5,175,9.8
3/6/2019 10:45,61.4,174,9.7
3/6/2019 10:50,61.5,171,9.6
3/6/2019 10:55,61.4,170,9.4
3/6/2019 11:00,62.1,167,9.4
3/6/2019 11:05,61.7,168,9.8
3/6/2019 11:10,61.5,170,9.7
3/6/2019 11:15,61.5,172,10.1
3/6/2019 11:20,61.2,174,10.2
3/6/2019 11:25,61.5,173,10.2
3/6/2019 11:30,61.3,173,10
3/6/2019 11:35,61.3,175,10.3
3/6/2019 11:40,61.1,175,10.2
3/6/2019 11:45,61,175,10.5
3/6/2019 11:50,61,174,10
3/6/2019 11:55,61.3,171,10.4
3/6/2019 12:00,61.4,171,10
3/6/2019 12:05,61.3,173,10.4
3/6/2019 12:10,61.4,175,10.7
3/6/2019 12:15,61.4,176,10.7
3/6/2019 12:20,61.4,178,10.8
3/6/2019 12:25,61.3,177,10.7
3/6/2019 12:30,61.5,176,10.5
3/6/2019 12:35,61.5,177,10.7
3/6/2019 12:40,61.4,179,10.9
3/6/2019 12:45,61.5,178,10.9
3/6/2019 12:50,61.8,177,10.4
3/6/2019 12:55,61.8,176,10.5
3/6/2019 13:00,61.9,179,10.4
3/6/2019 13:05,61.9,178,10
3/6/2019 13:10,61.8,180,10.6
3/6/2019 13:15,61.9,181,10.7
3/6/2019 13:20,61.9,181,10.4
3/6/2019 13:25,61.9,181,10.4
3/6/2019 13:30,61.8,181,10.5
3/6/2019 13:35,61.8,184,10.4
3/6/2019 13:40,61.8,188,10.8
3/6/2019 13:45,61.8,188,11
3/6/2019 13:50,61.8,186,11.2
3/6/2019 13:55,61.8,183,10.3
3/6/2019 14:00,61.9,184,10.5
3/6/2019 14:05,61.8,185,10.6
3/6/2019 14:10,61.7,189,10.9
3/6/2019 14:15,61.7,191,11.2
3/6/2019 14:20,61.7,190,11.1
3/6/2019 14:25,61.7,190,11
3/6/2019 14:30,61.7,188,10.8
3/6/2019 14:35,61.7,193,11
3/6/2019 14:40,61.5,198,11.1
3/6/2019 14:45,61.3,196,11.1
3/6/2019 14:50,61.2,191,10.9
3/6/2019 14:55,61.2,187,10.7
3/6/2019 15:00,61.4,188,10.5
3/6/2019 15:05,61.5,187,10.5
3/6/2019 15:10,61.4,191,10.9
3/6/2019 15:15,61.3,194,11
3/6/2019 15:20,61.2,192,11
3/6/2019 15:25,61.3,191,10.9
3/6/2019 15:30,61.4,190,10.8
3/6/2019 15:35,61.5,193,11
3/6/2019 15:40,61.2,186,11.4
3/6/2019 15:45,61,185,11.5
3/6/2019 15:50,60.9,178,11.4
3/6/2019 15:55,60.8,175,11.2
3/6/2019 16:00,61.2,175,11
3/6/2019 16:05,60.7,171,11.2
3/6/2019 16:10,60.5,170,11.6
3/6/2019 16:15,60,170,12
3/6/2019 16:20,59.4,170,12
3/6/2019 16:25,59.2,169,11.8
3/6/2019 16:30,59,168,11.7
3/6/2019 16:35,58.3,169,12.3
3/6/2019 16:40,57.2,166,12.8
3/6/2019 16:45,56.6,168,13.6
3/6/2019 16:50,56.1,168,13.4
3/6/2019 16:55,56,168,14.6
3/6/2019 17:00,56.2,171,14.7
3/6/2019 17:05,54.8,167,14.8
3/6/2019 17:10,51.1,165,14.9
3/6/2019 17:15,46.2,168,15.1
3/6/2019 17:20,43.1,165,15
3/6/2019 17:25,39.9,165,15.3
3/6/2019 17:30,40.4,165,15.2
3/6/2019 17:35,39.1,164,14.9
3/6/2019 17:40,39.7,165,14.8
3/6/2019 17:45,40.8,168,14.6
3/6/2019 17:50,46,168,14.4
3/6/2019 17:55,51.4,168,14.2
3/6/2019 18:00,56.5,173,12.7
3/6/2019 18:05,57.3,171,11.9
3/6/2019 18:10,58.4,173,12.1
3/6/2019 18:15,59.6,174,11.3
3/6/2019 18:20,60.5,175,10.9
3/6/2019 18:25,61.1,173,10.6
3/6/2019 18:30,62,173,10.2
3/6/2019 18:35,63,174,9.9
3/6/2019 18:40,63.6,175,9.5
3/6/2019 18:45,64,176,9.2
3/6/2019 18:50,64.2,171,8.8
3/6/2019 18:55,64.4,167,8.8
3/6/2019 19:00,64.5,165,8.2
3/6/2019 19:05,64.7,165,8.1
3/6/2019 19:10,64.7,166,8.4
3/6/2019 19:15,64.7,166,8.1
3/6/2019 19:20,64.8,163,7.9
3/6/2019 19:25,64.8,158,8
3/6/2019 19:30,64.9,153,7.6
3/6/2019 19:35,65,150,7.6
3/6/2019 19:40,65,149,7.7
3/6/2019 19:45,65.2,148,7.5
3/6/2019 19:50,65.8,145,7.4
3/6/2019 19:55,65.7,141,7.3
3/6/2019 20:00,66,139,7
3/6/2019 20:05,66.2,137,7.4
3/6/2019 20:10,66.1,142,7.5
3/6/2019 20:15,65.5,140,7.3
3/6/2019 20:20,66,136,7.3
3/6/2019 20:25,66.2,135,7.2
3/6/2019 20:30,66.1,134,7.1
3/6/2019 20:35,66.6,133,7.2
3/6/2019 20:40,66.7,132,7.1
3/6/2019 20:45,66.8,129,7
3/6/2019 20:50,66.7,127,6.6
3/6/2019 20:55,66.4,125,6.5
3/6/2019 21:00,67.3,124,6.3
3/6/2019 21:05,68,125,6.4
3/6/2019 21:10,68.2,127,6.4
3/6/2019 21:15,68.2,128,6.6
3/6/2019 21:20,67.9,126,6.7
3/6/2019 21:25,68,124,6.6
3/6/2019 21:30,68,121,6.5
3/6/2019 21:35,68.5,118,6.3
3/6/2019 21:40,68.6,117,6.3
3/6/2019 21:45,68.8,115,5.9
3/6/2019 21:50,68.8,110,5.6
3/6/2019 21:55,69.1,107,5.7
3/6/2019 22:00,69.1,103,5.3
3/6/2019 22:05,68.7,104,5.7
3/6/2019 22:10,68.9,104,5.5
3/6/2019 22:15,68.8,103,5.2
3/6/2019 22:20,68.9,99,5.1
3/6/2019 22:25,68.9,95,4.9
3/6/2019 22:30,68.7,94,4.7
3/6/2019 22:35,68.8,92,4.8
3/6/2019 22:40,69.1,88,4.6
3/6/2019 22:45,69.2,85,4.5
3/6/2019 22:50,69.2,79,4
3/6/2019 22:55,69.3,74,3.7
3/6/2019 23:00,69.1,70,3.6
3/6/2019 23:05,68.9,69,3.5
3/6/2019 23:10,68.8,68,3.6
3/6/2019 23:15,69,66,3.3
3/6/2019 23:20,69,62,3.2
3/6/2019 23:25,68.7,60,3
3/6/2019 23:30,68.8,56,2.9
3/6/2019 23:35,68.5,56,2.9
3/6/2019 23:40,68.6,55,2.8
3/6/2019 23:45,68.5,51,2.7
3/6/2019 23:50,68.4,48,2.4
3/6/2019 23:55,68.2,46,2.3
3/7/2019 00:00,69.4,41,2.1
3/7/2019 00:05,69.3,41,2.1
3/7/2019 00:10,68.8,42,2.2
3/7/2019 00:15,68.6,41,2
3/7/2019 00:20,68.6,39,2
3/7/2019 00:25,68.4,36,1.8
3/7/2019 00:30,68.5,34,1.8
3/7/2019 00:35,68.6,34,1.7
3/7/2019 00:40,68.4,33,1.7
3/7/2019 00:45,68.3,31,1.6
3/7/2019 00:50,68.1,30,1.5
3/7/2019 00:55,68,28,1.5
3/7/2019 01:00,68.2,26,1.4
3/7/2019 01:05,68.2,25,1.4
3/7/2019 01:10,68.3,25,1.4
3/7/2019 01:15,68.1,24,1.3
3/7/2019 01:20,68.1,23,1.2
3/7/2019 01:25,68.4,22,1.2
3/7/2019 01:30,68.5,21,1.2
3/7/2019 01:35,68.4,21,1.2
3/7/2019 01:40,68.1,22,1.2
3/7/2019 01:45,68.3,20,1.1
3/7/2019 01:50,68.1,20,1.1
3/7/2019 01:55,67.9,19,1.1
3/7/2019 02:00,68.1,18,1
3/7/2019 02:05,68,18,1.1
3/7/2019 02:10,68.3,19,1
3/7/2019 02:15,68.4,19,1.1
3/7/2019 02:20,68.2,17,1
3/7/2019 02:25,68.5,17,0.9
3/7/2019 02:30,68.5,17,1
3/7/2019 02:35,68.4,18,1.1
3/7/2019 02:40,68.4,18,1.1
3/7/2019 02:45,68.4,18,1.1
3/7/2019 02:50,68.3,16,1
3/7/2019 02:55,68.3,15,0.9
3/7/2019 03:00,68.2,15,0.9
3/7/2019 03:05,68.1,16,1
3/7/2019 03:10,68,17,1
3/7/2019 03:15,68.1,18,1
3/7/2019 03:20,68.1,18,1.1
3/7/2019 03:25,68,19,1.1
3/7/2019 03:30,68,19,1.2
3/7/2019 03:35,68.1,20,1.2
3/7/2019 03:40,68.3,21,1.2
3/7/2019 03:45,68.9,23,1.4
3/7/2019 03:50,68.6,23,1.3
3/7/2019 03:55,68.3,24,1.3
3/7/2019 04:00,68.1,24,1.3
3/7/2019 04:05,67.9,28,1.5
3/7/2019 04:10,68,34,1.7
3/7/2019 04:15,68.5,39,1.9
3/7/2019 04:20,68.7,41,2
3/7/2019 04:25,68.9,43,2.2
3/7/2019 04:30,69.6,47,2.3
3/7/2019 04:35,69.8,54,2.8
3/7/2019 04:40,69.5,58,3.1
3/7/2019 04:45,69.7,67,3.3
3/7/2019 04:50,69.9,72,3.3
3/7/2019 04:55,69.8,76,3.2
3/7/2019 05:00,70,77,3.2
3/7/2019 05:05,69.7,83,3.7
3/7/2019 05:10,69.7,91,4.2
3/7/2019 05:15,69.5,101,4.8
3/7/2019 05:20,69.7,109,5.1
3/7/2019 05:25,70,114,5.3
3/7/2019 05:30,69.9,125,5.6
3/7/2019 05:35,69.8,134,6.3
3/7/2019 05:40,69.8,145,6.7
3/7/2019 05:45,69.2,146,6.9
3/7/2019 05:50,69.5,152,6.9
3/7/2019 05:55,69.5,146,6.9
3/7/2019 06:00,67.2,145,6.8
3/7/2019 06:05,66.5,153,7.1
3/7/2019 06:10,65.9,163,7.7
3/7/2019 06:15,65.6,172,8.5
3/7/2019 06:20,65.3,177,8.7
3/7/2019 06:25,65,179,8.9
3/7/2019 06:30,64.8,182,9.3
3/7/2019 06:35,64.6,180,9.6
3/7/2019 06:40,64.5,181,10.1
3/7/2019 06:45,64.4,185,10.5
3/7/2019 06:50,64.3,185,10.3
3/7/2019 06:55,64.2,178,10
3/7/2019 07:00,64.2,182,10
3/7/2019 07:05,64,179,10.1
3/7/2019 07:10,63.8,188,10.6
3/7/2019 07:15,63.6,193,10.9
3/7/2019 07:20,63.3,193,11
3/7/2019 07:25,63.4,189,11.1
3/7/2019 07:30,62.9,191,11.2
3/7/2019 07:35,62.7,191,11.3
3/7/2019 07:40,62.4,194,11.4
3/7/2019 07:45,61.6,195,11.3
3/7/2019 07:50,62.1,193,11.1
3/7/2019 07:55,62.1,186,10.7
3/7/2019 08:00,62.2,184,10.6
3/7/2019 08:05,61.9,185,10.7
3/7/2019 08:10,61.1,188,10.8
3/7/2019 08:15,61.1,188,10.9
3/7/2019 08:20,61,188,10.8
3/7/2019 08:25,61.7,186,10.7
3/7/2019 08:30,61.7,182,10.7
3/7/2019 08:35,61.6,181,10.7
3/7/2019 08:40,61.2,184,10.7
3/7/2019 08:45,61.3,183,10.7
3/7/2019 08:50,61.4,179,10.5
3/7/2019 08:55,61.5,174,10.1
3/7/2019 09:00,61.6,170,10
3/7/2019 09:05,61.4,169,9.9
3/7/2019 09:10,61.3,168,9.9
3/7/2019 09:15,61.6,170,10
3/7/2019 09:20,61.5,173,10
3/7/2019 09:25,61.7,174,9.9
3/7/2019 09:30,61.6,177,10
3/7/2019 09:35,61.8,180,9.9
3/7/2019 09:40,61.4,180,10
3/7/2019 09:45,61.7,180,10
3/7/2019 09:50,61.7,178,9.8
3/7/2019 09:55,61.7,174,9.6
3/7/2019 10:00,61.8,171,9.3
3/7/2019 10:05,61.9,170,9.3
3/7/2019 10:10,61.7,171,9.4
3/7/2019 10:15,61.6,173,9.5
3/7/2019 10:20,61.4,174,9.6
3/7/2019 10:25,61.4,174,9.5
3/7/2019 10:30,61.2,174,9.5
3/7/2019 10:35,61,175,9.8
3/7/2019 10:40,60.8,176,9.7
3/7/2019 10:45,61,176,9.7
3/7/2019 10:50,61.1,174,9.6
3/7/2019 10:55,61,172,9.5
3/7/2019 11:00,61.7,172,9.6
3/7/2019 11:05,61.6,171,9.8
3/7/2019 11:10,61.5,174,9.8
3/7/2019 11:15,61.5,175,10.1
3/7/2019 11:20,61.5,176,10.1
3/7/2019 11:25,61.5,176,10.2
3/7/2019 11:30,61.6,175,10.2
3/7/2019 11:35,61.2,176,10.4
3/7/2019 11:40,61.2,178,10.3
3/7/2019 11:45,61.5,178,10.5
3/7/2019 11:50,61,175,10.7
3/7/2019 11:55,61.1,174,10.4
3/7/2019 12:00,61.5,174,10.2
3/7/2019 12:05,61,174,10.5
3/7/2019 12:10,61.1,177,10.7
3/7/2019 12:15,60.8,179,11.2
3/7/2019 12:20,60.7,179,11.1
3/7/2019 12:25,60.6,180,11
3/7/2019 12:30,60.9,180,11.3
3/7/2019 12:35,61.2,180,11
3/7/2019 12:40,61.4,181,11.2
3/7/2019 12:45,60.7,180,11.2
3/7/2019 12:50,60.6,179,11.2
3/7/2019 12:55,60.5,178,10.8
3/7/2019 13:00,61.5,178,10.5
3/7/2019 13:05,61.9,180,10.9
3/7/2019 13:10,61.8,182,11.3
3/7/2019 13:15,61.8,183,11.4
3/7/2019 13:20,61.8,183,11.9
3/7/2019 13:25,61.7,184,12
3/7/2019 13:30,61.7,184,12.1
3/7/2019 13:35,61.5,186,12.3
3/7/2019 13:40,60.7,189,12.6
3/7/2019 13:45,60.3,190,12.1
3/7/2019 13:50,61.4,189,11.8
3/7/2019 13:55,61.4,185,12.1
3/7/2019 14:00,61.6,184,11.4
3/7/2019 14:05,61.6,186,10.8
3/7/2019 14:10,61.2,190,11.4
3/7/2019 14:15,61.3,190,11.6
3/7/2019 14:20,61.2,190,11.6
3/7/2019 14:25,61.1,190,11.3
3/7/2019 14:30,61.3,189,11.1
3/7/2019 14:35,61.4,192,11.3
3/7/2019 14:40,61.1,197,11.4
3/7/2019 14:45,60.8,196,11.7
3/7/2019 14:50,60.8,191,11.2
3/7/2019 14:55,60.7,190,11.1
3/7/2019 15:00,60.8,187,10.8
3/7/2019 15:05,60.8,186,10.9
3/7/2019 15:10,60.8,191,11.2
3/7/2019 15:15,60.7,193,11.4
3/7/2019 15:20,60.6,192,11.4
3/7/2019 15:25,60.6,190,11.5
3/7/2019 15:30,60.6,189,11.2
3/7/2019 15:35,60.6,185,11.3
3/7/2019 15:40,60.3,175,11.7
3/7/2019 15:45,59.9,170,11.9
3/7/2019 15:50,59.8,169,11.8
3/7/2019 15:55,59.8,166,11.6
3/7/2019 16:00,60,167,11.5
3/7/2019 16:05,59.8,165,11.7
3/7/2019 16:10,59.3,164,11.9
3/7/2019 16:15,58.4,165,12.6
3/7/2019 16:20,57.8,164,13.5
3/7/2019 16:25,57.1,165,13.4
3/7/2019 16:30,56.8,165,14.6
3/7/2019 16:35,56.6,163,14
3/7/2019 16:40,55.9,162,14.6
3/7/2019 16:45,52.6,165,15.1
3/7/2019 16:50,48.2,165,15
3/7/2019 16:55,46.8,164,14.8
3/7/2019 17:00,47.2,165,14.8
3/7/2019 17:05,47.6,164,15
3/7/2019 17:10,44.1,164,15.1
3/7/2019 17:15,41.7,163,15.3
3/7/2019 17:20,39.7,162,15.3
3/7/2019 17:25,36.3,160,15.4
3/7/2019 17:30,36.4,160,15.4
3/7/2019 17:35,36.3,160,15.5
3/7/2019 17:40,36.6,161,15.2
3/7/2019 17:45,36.7,162,15.1
3/7/2019 17:50,37.1,163,15.1
3/7/2019 17:55,39.5,163,14.9
3/7/2019 18:00,44.7,166,14.6
3/7/2019 18:05,46.1,165,14.3
3/7/2019 18:10,53.1,166,14.2
3/7/2019 18:15,54.7,169,13.7
3/7/2019 18:20,57.9,168,11.7
3/7/2019 18:25,59.3,169,12.1
3/7/2019 18:30,60.9,170,11.3
3/7/2019 18:35,62,171,10.9
3/7/2019 18:40,62.9,172,11
3/7/2019 18:45,63.6,177,10.2
3/7/2019 18:50,63.8,174,9.8
3/7/2019 18:55,64,173,9.4
3/7/2019 19:00,64.3,172,9.1
3/7/2019 19:05,64.4,167,8.6
3/7/2019 19:10,64.5,169,8.8
3/7/2019 19:15,64.6,168,8.7
3/7/2019 19:20,64.6,165,8.5
3/7/2019 19:25,64.7,163,8.2
3/7/2019 19:30,64.8,158,8
3/7/2019 19:35,64.9,155,8
3/7/2019 19:40,65,157,8.1
3/7/2019 19:45,65,154,7.8
3/7/2019 19:50,65,154,7.9
3/7/2019 19:55,65.3,150,7.9
3/7/2019 20:00,66,151,7.9
3/7/2019 20:05,65.8,148,7.7
3/7/2019 20:10,65.5,150,7.9
3/7/2019 20:15,65.2,149,7.9
3/7/2019 20:20,65.6,148,7.7
3/7/2019 20:25,65.7,143,7.8
3/7/2019 20:30,65.9,141,7.6
3/7/2019 20:35,65.8,140,7.5
3/7/2019 20:40,66.4,138,7.3
3/7/2019 20:45,66.4,139,7.4
3/7/2019 20:50,66.7,135,7.5
3/7/2019 20:55,66.6,133,7.1
3/7/2019 21:00,67.5,134,7.1
3/7/2019 21:05,67.9,133,7.4
3/7/2019 21:10,68,136,7.3
3/7/2019 21:15,67.8,136,7.6
3/7/2019 21:20,68.4,135,7.3
3/7/2019 21:25,68,131,6.9
3/7/2019 21:30,68.2,130,7.2
3/7/2019 21:35,68.5,127,6.6
3/7/2019 21:40,68.4,127,6.8
3/7/2019 21:45,68.8,124,6.6
3/7/2019 21:50,69.1,119,6.3
3/7/2019 21:55,69.1,116,6
3/7/2019 22:00,69.1,114,5.9
3/7/2019 22:05,68.9,111,5.9
3/7/2019 22:10,68.9,112,5.8
3/7/2019 22:15,68.8,109,5.6
3/7/2019 22:20,68.7,105,5.6
3/7/2019 22:25,68.7,101,5.4
3/7/2019 22:30,69,100,5
3/7/2019 22:35,68.8,98,5
3/7/2019 22:40,68.7,96,5
3/7/2019 22:45,68.8,93,4.7
3/7/2019 22:50,69.3,88,4.3
3/7/2019 22:55,69.3,84,4
3/7/2019 23:00,69.2,81,3.9
3/7/2019 23:05,68.8,78,4.1
3/7/2019 23:10,68.7,75,4
3/7/2019 23:15,68.9,74,3.9
3/7/2019 23:20,68.9,72,3.7
3/7/2019 23:25,68.7,68,3.3
3/7/2019 23:30,68.8,65,3.2
3/7/2019 23:35,68.8,63,3.1
3/7/2019 23:40,68.8,64,3.3
3/7/2019 23:45,68.9,61,3.1
3/7/2019 23:50,68.8,55,2.6
3/7/2019 23:55,68.6,52,2.7
